{
  "simulation": "Frobenius-Exact Ouroboric Telomere \u2014 REPAIRED",
  "structural_type": "\u27e8\ud801\udc66\u00b7\ud801\udc78\u00b7\ud801\udc7e\u00b7\ud801\udc79\u00b7\ud801\udc50\u00b7\ud801\udc67\u00b7\ud801\udc72\u00b7\ud801\udc60\u00b7\u2299\u00b7\ud801\udc56\u00b7\ud801\udc73\u00b7\ud801\udc6d\u27e9",
  "ouroboricity": "O_\u221e",
  "frobenius_closure_achieved": true,
  "repairs_applied": [
    "TRF1 discrete counting (18-bp resolution, step function)",
    "T-loop all-or-nothing topological barrier",
    "TERRA RNA-level hTR sequestration feedback"
  ],
  "mode": "endogenous",
  "cells": 100,
  "total_divisions": 300,
  "intervention_division": 15,
  "results": {
    "final_mean_length_bp": 7200.0,
    "final_min_length_bp": 7200.0,
    "final_senescent_pct": 0.0,
    "final_ouroboric_pct": 100.0,
    "final_apoptotic_pct": 0.0,
    "final_transformed_pct": 0.0,
    "final_critically_short_pct": 0.0,
    "final_mean_methylation": 1.7586382650283516e-21,
    "final_mean_htert": 0.42558678545289863,
    "final_mean_atm": 0.019999999999999997,
    "final_mean_g4_stability": 0.832446808510638,
    "final_mean_terra": 0.49920000000003667,
    "final_length_variance": 0.0,
    "total_extensions": 17493625,
    "trf1_blocked_fraction_final": 0.0,
    "tloop_blocked_fraction_final": 1.0,
    "terra_blocked_fraction_final": 0.4995996797438246
  },
  "trajectory": {
    "division": [
      1,
      8,
      15,
      22,
      29,
      36,
      43,
      50,
      57,
      64,
      71,
      78,
      85,
      92,
      99,
      106,
      113,
      120,
      127,
      134,
      141,
      148,
      155,
      162,
      169,
      176,
      183,
      190,
      197,
      204,
      211,
      218,
      225,
      232,
      239,
      246,
      253,
      260,
      267,
      274,
      281,
      288,
      295
    ],
    "mean_length": [
      9962.817065217392,
      9615.57706521739,
      9268.99706521739,
      8922.527065217391,
      8576.847065217391,
      8303.78195652174,
      8081.3705434782605,
      7888.290652173913,
      7723.808260869565,
      7587.964239130435,
      7479.345,
      7394.367282608696,
      7330.561847826087,
      7285.673913043478,
      7253.938913043478,
      7232.798369565217,
      7219.417608695652,
      7211.428043478261,
      7206.506304347826,
      7203.272826086956,
      7201.365108695652,
      7200.460108695652,
      7200.148804347826,
      7200.0514130434785,
      7200.018695652174,
      7199.997173913043,
      7199.998586956522,
      7199.995,
      7199.994565217391,
      7199.999782608696,
      7199.999347826087,
      7200.0,
      7200.0,
      7199.999673913044,
      7199.9990217391305,
      7199.997608695652,
      7200.0,
      7200.0,
      7199.999456521739,
      7199.998804347826,
      7200.0,
      7199.999565217391,
      7200.0
    ],
    "ouroboric_pct": [
      0.0,
      0.0,
      0.0,
      0.0,
      0.0,
      100.0,
      100.0,
      100.0,
      100.0,
      100.0,
      100.0,
      100.0,
      100.0,
      100.0,
      100.0,
      100.0,
      100.0,
      100.0,
      100.0,
      100.0,
      100.0,
      100.0,
      100.0,
      100.0,
      100.0,
      100.0,
      100.0,
      100.0,
      100.0,
      100.0,
      100.0,
      100.0,
      100.0,
      100.0,
      100.0,
      100.0,
      100.0,
      100.0,
      100.0,
      100.0,
      100.0,
      100.0,
      100.0
    ],
    "senescent_pct": [
      0.0,
      0.0,
      0.0,
      0.0,
      0.0,
      0.0,
      0.0,
      0.0,
      0.0,
      0.0,
      0.0,
      0.0,
      0.0,
      0.0,
      0.0,
      0.0,
      0.0,
      0.0,
      0.0,
      0.0,
      0.0,
      0.0,
      0.0,
      0.0,
      0.0,
      0.0,
      0.0,
      0.0,
      0.0,
      0.0,
      0.0,
      0.0,
      0.0,
      0.0,
      0.0,
      0.0,
      0.0,
      0.0,
      0.0,
      0.0,
      0.0,
      0.0,
      0.0
    ],
    "mean_methylation": [
      0.9000000000000001,
      0.9000000000000001,
      0.5355881744790895,
      0.15477676910051918,
      0.03695221288748625,
      0.007561015526311632,
      0.0024238883418743053,
      0.0007770430669569321,
      0.00024910220387418556,
      7.985645920242876e-05,
      2.5600151171565035e-05,
      8.206821922140148e-06,
      2.630919075842421e-06,
      8.434123768371601e-07,
      2.703786839868251e-07,
      8.667721124581259e-08,
      2.7786728001521412e-08,
      8.90778835559081e-09,
      2.8556328540609246e-09,
      9.15450465555127e-10,
      2.934724447133772e-10,
      9.408054181699452e-11,
      3.0160066159614485e-11,
      9.668626191819075e-12,
      3.099540032253189e-12,
      9.936415185508983e-13,
      3.185387048124067e-13,
      1.0211621049364194e-13,
      3.273611742636694e-14,
      1.0494449206177803e-14,
      3.3642799696319525e-15,
      1.078511076827544e-15,
      3.457459406884495e-16,
      1.1083822695096489e-16,
      3.553219606619669e-17,
      1.1390807955139818e-17,
      3.6516320474296214e-18,
      1.1706295692394872e-18,
      3.7527701876272893e-19,
      1.203052139738236e-19,
      3.8567095200781114e-20,
      1.2363727082932185e-20,
      3.9635276285504296e-21
    ],
    "mean_terra": [
      0,
      0,
      0.12143125599999999,
      0.5781414759259139,
      0.7082552089335052,
      0.7336393965465033,
      0.7254303083573777,
      0.7064824373143134,
      0.6840794550820491,
      0.6605569184578985,
      0.6366784400792769,
      0.6127153920519395,
      0.5887107453396166,
      0.5653726323576991,
      0.5446600495698838,
      0.528603273612024,
      0.5174157832679954,
      0.5101728073004683,
      0.5056756812151896,
      0.5028633227600107,
      0.5011017124175717,
      0.5000895719783872,
      0.49957373878337585,
      0.49934949563488096,
      0.499260272253547,
      0.4992207088041423,
      0.49920663876813376,
      0.49920212823695814,
      0.4992006822640072,
      0.4992002187182089,
      0.49920007011604667,
      0.4992000224775981,
      0.499200007205803,
      0.4992000023100154,
      0.49920000074053794,
      0.4992000002373996,
      0.4992000000761048,
      0.4992000000243975,
      0.49920000000782133,
      0.49920000000250747,
      0.4992000000008038,
      0.4992000000002577,
      0.49920000000008263
    ],
    "length_variance": [
      2272759.9483826915,
      2272608.5347131263,
      2272614.641621822,
      2272708.3975283434,
      2272741.1556326915,
      1983658.876370085,
      1600391.2838931829,
      1245960.537695227,
      937253.8293230624,
      677649.908177682,
      470521.20575760875,
      313877.9491252245,
      200872.75508788988,
      123233.41953686201,
      72961.48648577504,
      41770.37706255908,
      23120.577124716445,
      12075.548952693764,
      5776.584090689981,
      2422.9283920132325,
      881.1754999881854,
      287.0314521620983,
      93.2055746573724,
      29.54181322069943,
      3.2153026465028356,
      0.07347027410207942,
      0.007280612003780718,
      0.06497499999999999,
      0.07105741965973533,
      0.00043473534971644613,
      0.002825661625708885,
      0.0,
      0.0,
      0.0009781545368620034,
      0.008803390831758033,
      0.023037759924385635,
      0.0,
      0.0,
      0.002717095935727788,
      0.013150744328922492,
      0.0,
      0.0017389413988657852,
      0.0
    ]
  }
}