{
  "simulation": "Ouroboric Telomere System",
  "structural_type": "\u27e8\ud801\udc66\u00b7\ud801\udc78\u00b7\ud801\udc7e\u00b7\ud801\udc6c\u00b7\ud801\udc50\u00b7\ud801\udc67\u00b7\ud801\udc54\u00b7\ud801\udc60\u00b7\u2299\u00b7\ud801\udc56\u00b7\ud801\udc73\u00b7\ud801\udc74\u27e9",
  "ouroborosity": "O_2",
  "ouroboric_enabled": false,
  "cells": 100,
  "attrition_rate_bp_per_div": 50,
  "initial_length": "~10000 bp",
  "results": {
    "mean_divisions": 100.81,
    "final_mean_length_bp": 4941.888804347826,
    "final_min_length_bp": 2082.0,
    "senescent_pct": 0.0,
    "critically_short_pct": 0.0,
    "total_extensions": 0
  },
  "trajectory": {
    "time": [
      1.0,
      11.0,
      21.0,
      31.0,
      41.0,
      51.0,
      61.0,
      71.0,
      81.0,
      91.0,
      101.0,
      111.0,
      121.0,
      131.0,
      141.0,
      151.0,
      161.0,
      171.0,
      181.0,
      191.0
    ],
    "mean_length": [
      9957.124673913044,
      9712.797608695651,
      9458.10043478261,
      9190.03304347826,
      8944.938369565218,
      8704.407608695652,
      8443.468804347825,
      8176.503152173913,
      7904.071304347826,
      7654.453152173913,
      7404.647282608696,
      7138.342173913044,
      6894.199782608695,
      6638.982282608696,
      6402.241956521739,
      6167.357282608696,
      5919.093695652174,
      5669.420760869565,
      5418.317173913044,
      5164.160652173913
    ],
    "senescent_pct": [
      0.0,
      0.0,
      0.0,
      0.0,
      0.0,
      0.0,
      0.0,
      0.0,
      0.0,
      0.0,
      0.0,
      0.0,
      0.0,
      0.0,
      0.0,
      0.0,
      0.0,
      0.0,
      0.0,
      0.0
    ]
  }
}