{
  "simulation": "Ouroboric Telomere System",
  "structural_type": "\u27e8\ud801\udc66\u00b7\ud801\udc78\u00b7\ud801\udc7e\u00b7\ud801\udc6c\u00b7\ud801\udc50\u00b7\ud801\udc67\u00b7\ud801\udc54\u00b7\ud801\udc60\u00b7\u2299\u00b7\ud801\udc56\u00b7\ud801\udc73\u00b7\ud801\udc74\u27e9",
  "ouroborosity": "O_2",
  "ouroboric_enabled": false,
  "cells": 100,
  "attrition_rate_bp_per_div": 50,
  "initial_length": "~10000 bp",
  "results": {
    "mean_divisions": 99.69,
    "final_mean_length_bp": 5005.829673913044,
    "final_min_length_bp": 1907.0,
    "senescent_pct": 0.0,
    "critically_short_pct": 0.0,
    "total_extensions": 0
  },
  "trajectory": {
    "time": [
      1.0,
      11.0,
      21.0,
      31.0,
      41.0,
      51.0,
      61.0,
      71.0,
      81.0,
      91.0,
      101.0,
      111.0,
      121.0,
      131.0,
      141.0,
      151.0,
      161.0,
      171.0,
      181.0,
      191.0
    ],
    "mean_length": [
      9965.951304347825,
      9718.569130434782,
      9468.747608695652,
      9211.250108695653,
      8967.262282608695,
      8690.630217391305,
      8455.702282608696,
      8201.009782608695,
      7948.435652173913,
      7696.647608695652,
      7445.744565217391,
      7193.337065217392,
      6949.908260869565,
      6694.078369565217,
      6444.154239130435,
      6200.480652173913,
      5962.325652173913,
      5724.3977173913045,
      5472.440652173913,
      5225.721739130435
    ],
    "senescent_pct": [
      0.0,
      0.0,
      0.0,
      0.0,
      0.0,
      0.0,
      0.0,
      0.0,
      0.0,
      0.0,
      0.0,
      0.0,
      0.0,
      0.0,
      0.0,
      0.0,
      0.0,
      0.0,
      0.0,
      0.0
    ]
  }
}