{
  "simulation": "Endogenous Ouroboric Telomere System \u2014 Full Expansion",
  "structural_type": "\u27e8\ud801\udc66\u00b7\ud801\udc78\u00b7\ud801\udc7e\u00b7\ud801\udc79\u00b7\ud801\udc50\u00b7\ud801\udc67\u00b7\ud801\udc72\u00b7\ud801\udc60\u00b7\u2299\u00b7\ud801\udc56\u00b7\ud801\udc73\u00b7\ud801\udc6d\u27e9",
  "ouroboricity": "O_inf",
  "mode": "endogenous",
  "cells": 100,
  "total_divisions": 300,
  "intervention_division": 15,
  "results": {
    "final_mean_length_bp": 7208.341195652174,
    "final_min_length_bp": 3596.0,
    "final_senescent_pct": 0.0,
    "final_ouroboric_pct": 100.0,
    "final_apoptotic_pct": 0.0,
    "final_transformed_pct": 0.0,
    "final_critically_short_pct": 0.0,
    "final_mean_methylation": 0.007808521680157493,
    "final_mean_htert": 0.4132032911508558,
    "final_mean_atm": 0.019999999999999997,
    "final_mean_g4_stability": 0.8324468085106385,
    "total_extensions": 18489251
  },
  "trajectory": {
    "division": [
      1,
      8,
      15,
      22,
      29,
      36,
      43,
      50,
      57,
      64,
      71,
      78,
      85,
      92,
      99,
      106,
      113,
      120,
      127,
      134,
      141,
      148,
      155,
      162,
      169,
      176,
      183,
      190,
      197,
      204,
      211,
      218,
      225,
      232,
      239,
      246,
      253,
      260,
      267,
      274,
      281,
      288,
      295
    ],
    "mean_length": [
      9944.81402173913,
      9599.16402173913,
      9252.17402173913,
      8905.00402173913,
      8557.23402173913,
      8210.25402173913,
      7871.309456521739,
      7771.9827173913045,
      7735.23902173913,
      7642.460543478261,
      7551.570108695652,
      7468.365326086957,
      7388.957934782608,
      7316.849456521739,
      7252.953586956522,
      7197.905543478261,
      7146.554891304348,
      7101.576413043478,
      7063.485326086957,
      7025.111847826087,
      6994.379239130435,
      6969.025978260869,
      6953.016195652174,
      6938.798152173913,
      6930.627282608696,
      6927.950760869565,
      6927.002065217392,
      6929.506195652174,
      6934.391847826087,
      6944.054673913043,
      6952.487282608696,
      6963.774673913043,
      6976.283152173913,
      6989.831847826087,
      7006.5025,
      7025.521413043478,
      7046.510760869565,
      7068.567934782609,
      7091.403586956521,
      7114.010760869565,
      7139.177934782609,
      7163.501195652174,
      7190.238586956521
    ],
    "ouroboric_pct": [
      0.0,
      0.0,
      0.0,
      0.0,
      0.0,
      0.0,
      8.0,
      79.0,
      100.0,
      100.0,
      100.0,
      100.0,
      100.0,
      100.0,
      100.0,
      100.0,
      100.0,
      100.0,
      100.0,
      100.0,
      100.0,
      100.0,
      100.0,
      100.0,
      100.0,
      100.0,
      100.0,
      100.0,
      100.0,
      100.0,
      100.0,
      100.0,
      100.0,
      100.0,
      100.0,
      100.0,
      100.0,
      100.0,
      100.0,
      100.0,
      100.0,
      100.0,
      100.0
    ],
    "senescent_pct": [
      0.0,
      0.0,
      0.0,
      0.0,
      0.0,
      0.0,
      0.0,
      0.0,
      0.0,
      0.0,
      0.0,
      0.0,
      0.0,
      0.0,
      0.0,
      0.0,
      0.0,
      0.0,
      0.0,
      0.0,
      0.0,
      0.0,
      0.0,
      0.0,
      0.0,
      0.0,
      0.0,
      0.0,
      0.0,
      0.0,
      0.0,
      0.0,
      0.0,
      0.0,
      0.0,
      0.0,
      0.0,
      0.0,
      0.0,
      0.0,
      0.0,
      0.0,
      0.0
    ],
    "mean_methylation": [
      0.9000000000000001,
      0.9000000000000001,
      0.5869574499885757,
      0.33752779640325586,
      0.1984134196106419,
      0.11348449209853402,
      0.06509176295699422,
      0.03792230455104854,
      0.023316921382405664,
      0.015457504331469538,
      0.01160259253087229,
      0.00955093131741513,
      0.0086535085808334,
      0.008217254026336182,
      0.00799385164546662,
      0.007875737063362783,
      0.007831047071070471,
      0.007823657859435725,
      0.007816647685192132,
      0.007808521680157493,
      0.007808521680157493,
      0.007808521680157493,
      0.007808521680157493,
      0.007808521680157493,
      0.007808521680157493,
      0.007808521680157493,
      0.007808521680157493,
      0.007808521680157493,
      0.007808521680157493,
      0.007808521680157493,
      0.007808521680157493,
      0.007808521680157493,
      0.007808521680157493,
      0.007808521680157493,
      0.007808521680157493,
      0.007808521680157493,
      0.007808521680157493,
      0.007808521680157493,
      0.007808521680157493,
      0.007808521680157493,
      0.007808521680157493,
      0.007808521680157493,
      0.007808521680157493
    ]
  }
}