{
  "simulation": "Frobenius-Coupled Chemotherapeutic",
  "principle": "Selective cytotoxicity via Frobenius-check of \u03bc\u2218\u03b4=id",
  "structural_type": "\u27e8\ud801\udc66\u00b7\ud801\udc76\u00b7\ud801\udc7e\u00b7\ud801\udc79\u00b7\ud801\udc50\u00b7\ud801\udc67\u00b7\ud801\udc72\u00b7\ud801\udc5d\u00b7\u2299\u00b7\ud801\udc6b\u00b7\ud801\udc73\u00b7\ud801\udc6d\u27e9",
  "drug_conc": 2.0,
  "healthy": {
    "cytotoxicity": 0.0,
    "payload": 0.0
  },
  "cancer": {
    "cancer_m0.2": {
      "asymmetry": 0.04881163609402639,
      "tether_tension": 0.244651054233147,
      "payload": 0.0,
      "cytotoxicity": 0.0,
      "selectivity_vs_healthy": 0.0
    },
    "cancer_m0.4": {
      "asymmetry": 0.048208682131696934,
      "tether_tension": 0.2525110615474278,
      "payload": 0.0,
      "cytotoxicity": 0.0,
      "selectivity_vs_healthy": 0.0
    },
    "cancer_m0.6": {
      "asymmetry": 0.16940222355682688,
      "tether_tension": 0.5005912622865841,
      "payload": 1.0,
      "cytotoxicity": 14.2875,
      "selectivity_vs_healthy": 14287.5
    },
    "cancer_m0.8": {
      "asymmetry": 0.27320511677646886,
      "tether_tension": 0.7202651294589683,
      "payload": 1.0,
      "cytotoxicity": 14.2875,
      "selectivity_vs_healthy": 14287.5
    },
    "cancer_m1.0": {
      "asymmetry": 0.35063879489640815,
      "tether_tension": 0.8387846359566719,
      "payload": 1.0,
      "cytotoxicity": 14.2875,
      "selectivity_vs_healthy": 14287.5
    }
  }
}