{
  "simulation": "Frobenius-Exact Ouroboric Telomere \u2014 REPAIRED",
  "structural_type": "\u27e8\ud801\udc66\u00b7\ud801\udc78\u00b7\ud801\udc7e\u00b7\ud801\udc79\u00b7\ud801\udc50\u00b7\ud801\udc67\u00b7\ud801\udc72\u00b7\ud801\udc60\u00b7\u2299\u00b7\ud801\udc56\u00b7\ud801\udc73\u00b7\ud801\udc6d\u27e9",
  "ouroboricity": "O_∞",
  "frobenius_closure_achieved": true,
  "repairs_applied": [
    "TRF1 discrete counting (18-bp resolution, step function)",
    "T-loop all-or-nothing topological barrier",
    "TERRA RNA-level hTR sequestration feedback"
  ],
  "mode": "endogenous",
  "cells": 100,
  "total_divisions": 300,
  "intervention_division": 15,
  "results": {
    "final_mean_length_bp": 7200.0,
    "final_min_length_bp": 7200.0,
    "final_senescent_pct": 0.0,
    "final_ouroboric_pct": 100.0,
    "final_apoptotic_pct": 0.0,
    "final_transformed_pct": 0.0,
    "final_critically_short_pct": 0.0,
    "final_mean_methylation": 1.7586382650283516e-21,
    "final_mean_htert": 0.42558678545289863,
    "final_mean_atm": 0.019999999999999997,
    "final_mean_g4_stability": 0.8324468085106385,
    "final_mean_terra": 0.4992000000000161,
    "final_length_variance": 0.0,
    "total_extensions": 17526009,
    "trf1_blocked_fraction_final": 0.0,
    "tloop_blocked_fraction_final": 1.0,
    "terra_blocked_fraction_final": 0.49959967974377834
  },
  "trajectory": {
    "division": [
      1,
      8,
      15,
      22,
      29,
      36,
      43,
      50,
      57,
      64,
      71,
      78,
      85,
      92,
      99,
      106,
      113,
      120,
      127,
      134,
      141,
      148,
      155,
      162,
      169,
      176,
      183,
      190,
      197,
      204,
      211,
      218,
      225,
      232,
      239,
      246,
      253,
      260,
      267,
      274,
      281,
      288,
      295
    ],
    "mean_length": [
      9955.803152173912,
      9609.663152173913,
      9263.673152173913,
      8917.043152173914,
      8569.283152173914,
      8298.01152173913,
      8078.1803260869565,
      7885.542065217392,
      7722.157934782609,
      7586.0036956521735,
      7476.026304347826,
      7391.768260869565,
      7328.736739130435,
      7283.343804347826,
      7251.683260869565,
      7230.321739130435,
      7216.9322826086955,
      7209.111521739131,
      7204.708369565217,
      7202.418152173913,
      7201.006195652174,
      7200.371956521739,
      7200.014456521739,
      7199.99847826087,
      7199.998043478261,
      7199.994673913044,
      7199.999456521739,
      7200.0,
      7199.999456521739,
      7199.999891304348,
      7199.998913043478,
      7199.998913043478,
      7199.999456521739,
      7199.998152173913,
      7200.0,
      7200.0,
      7200.0,
      7200.0,
      7200.0,
      7199.999239130435,
      7200.0,
      7200.0,
      7200.0
    ],
    "ouroboric_pct": [
      0.0,
      0.0,
      0.0,
      0.0,
      0.0,
      100.0,
      100.0,
      100.0,
      100.0,
      100.0,
      100.0,
      100.0,
      100.0,
      100.0,
      100.0,
      100.0,
      100.0,
      100.0,
      100.0,
      100.0,
      100.0,
      100.0,
      100.0,
      100.0,
      100.0,
      100.0,
      100.0,
      100.0,
      100.0,
      100.0,
      100.0,
      100.0,
      100.0,
      100.0,
      100.0,
      100.0,
      100.0,
      100.0,
      100.0,
      100.0,
      100.0,
      100.0,
      100.0
    ],
    "senescent_pct": [
      0.0,
      0.0,
      0.0,
      0.0,
      0.0,
      0.0,
      0.0,
      0.0,
      0.0,
      0.0,
      0.0,
      0.0,
      0.0,
      0.0,
      0.0,
      0.0,
      0.0,
      0.0,
      0.0,
      0.0,
      0.0,
      0.0,
      0.0,
      0.0,
      0.0,
      0.0,
      0.0,
      0.0,
      0.0,
      0.0,
      0.0,
      0.0,
      0.0,
      0.0,
      0.0,
      0.0,
      0.0,
      0.0,
      0.0,
      0.0,
      0.0,
      0.0,
      0.0
    ],
    "mean_methylation": [
      0.9000000000000001,
      0.9000000000000001,
      0.5355881744790895,
      0.15477676910051918,
      0.03695221288748625,
      0.007561015526311632,
      0.0024238883418743053,
      0.0007770430669569321,
      0.00024910220387418556,
      7.985645920242876e-05,
      2.5600151171565035e-05,
      8.206821922140148e-06,
      2.630919075842421e-06,
      8.434123768371601e-07,
      2.703786839868251e-07,
      8.667721124581259e-08,
      2.7786728001521412e-08,
      8.90778835559081e-09,
      2.8556328540609246e-09,
      9.15450465555127e-10,
      2.934724447133772e-10,
      9.408054181699452e-11,
      3.0160066159614485e-11,
      9.668626191819075e-12,
      3.099540032253189e-12,
      9.936415185508983e-13,
      3.185387048124067e-13,
      1.0211621049364194e-13,
      3.273611742636694e-14,
      1.0494449206177803e-14,
      3.3642799696319525e-15,
      1.078511076827544e-15,
      3.457459406884495e-16,
      1.1083822695096489e-16,
      3.553219606619669e-17,
      1.1390807955139818e-17,
      3.6516320474296214e-18,
      1.1706295692394872e-18,
      3.7527701876272893e-19,
      1.203052139738236e-19,
      3.8567095200781114e-20,
      1.2363727082932185e-20,
      3.9635276285504296e-21
    ],
    "mean_terra": [
      0,
      0,
      0.12129338399999998,
      0.5774575283670904,
      0.7073455700129814,
      0.7325955555466883,
      0.7243574757168458,
      0.7053746401753207,
      0.6829383901719257,
      0.6594145718574927,
      0.6355257936910733,
      0.6115599957395732,
      0.5875349168729261,
      0.5640730332666806,
      0.5432576100439573,
      0.5271741003594433,
      0.5160286092162534,
      0.5089004906436946,
      0.5045414306641629,
      0.5020645835383813,
      0.5006576827314111,
      0.4998808287726504,
      0.4994719311560292,
      0.4992881531066051,
      0.4992282598662384,
      0.49920905946563393,
      0.49920290425711433,
      0.49920093103828933,
      0.49920029846954395,
      0.49920009568249735,
      0.49920003067361646,
      0.49920000983325863,
      0.49920000315231744,
      0.4992000010105608,
      0.49920000032396267,
      0.49920000010385507,
      0.4992000000332935,
      0.49920000001067316,
      0.4992000000034216,
      0.4992000000010969,
      0.49920000000035164,
      0.4992000000001128,
      0.49920000000003617
    ],
    "length_variance": [
      2258558.7117944113,
      2258657.6222944115,
      2258752.993061803,
      2258668.6854204983,
      2258931.078411803,
      1963826.116388989,
      1576583.1706346762,
      1222739.7923609521,
      913848.0562522567,
      655343.2138993855,
      451334.16104721173,
      296555.7599926276,
      185796.97938936672,
      111189.42690726607,
      63468.57837197543,
      34660.4297448015,
      18075.2424795723,
      8896.974302032135,
      4151.852234298204,
      1713.7280835420609,
      572.0105050921551,
      121.62447443289221,
      2.275117095935728,
      0.014128119092627602,
      0.012387476370510388,
      0.053993371928166334,
      0.002717095935727787,
      0.0,
      0.002717095935727786,
      0.00010868383742911156,
      0.010868383742911157,
      0.01086838374291116,
      0.002717095935727786,
      0.03140962901701325,
      0.0,
      0.0,
      0.0,
      0.0,
      0.0,
      0.005325508034026466,
      0.0,
      0.0,
      0.0
    ]
  }
}