{
  "simulation": "Topological Thermal Rectifier (Two-Segment)",
  "structural_type": "\u27e8\ud801\udc7c\u00b7\ud801\udc78\u00b7\ud801\udc7e\u00b7\ud801\udc6c\u00b7\ud801\udc5e\u00b7\ud801\udc67\u00b7\ud801\udc51\u00b7\ud801\udc5d\u00b7\u2299\u00b7\ud801\udc56\u00b7\ud801\udc73\u00b7\ud801\udc6d\u27e9",
  "parameters": {
    "N_L": 18,
    "N_R": 18,
    "m_light": 1.0,
    "m_heavy": 4.0,
    "mass_ratio": 4.0,
    "k_stiff": 2.5,
    "k_soft": 0.3,
    "beta_nl": 0.8,
    "T_hot": 500.0,
    "T_cold": 300.0
  },
  "results": {
    "J_forward": 0.002388,
    "J_forward_std": 538.695978,
    "J_backward": -0.003687,
    "J_backward_std": 298.011502,
    "rectification_ratio": 0.65
  }
}