{
  "simulation": "Topological Thermal Rectifier (Two-Segment)",
  "structural_type": "\u27e8\ud801\udc7c\u00b7\ud801\udc78\u00b7\ud801\udc7e\u00b7\ud801\udc6c\u00b7\ud801\udc5e\u00b7\ud801\udc67\u00b7\ud801\udc51\u00b7\ud801\udc5d\u00b7\u2299\u00b7\ud801\udc56\u00b7\ud801\udc73\u00b7\ud801\udc6d\u27e9",
  "parameters": {
    "N_L": 55,
    "N_R": 55,
    "m_light": 0.57,
    "m_heavy": 10.0,
    "mass_ratio": 17.54385964912281,
    "k_stiff": 5.5,
    "k_soft": 0.13,
    "beta_nl": 5.0,
    "T_hot": 3.5,
    "T_cold": 0.1
  },
  "results": {
    "J_forward": 0.000332,
    "J_forward_std": 13.410621,
    "J_backward": -4e-06,
    "J_backward_std": 0.279688,
    "rectification_ratio": 84.45
  }
}