{
  "simulation": "Topological Thermal Rectifier (Two-Segment)",
  "structural_type": "\u27e8\ud801\udc7c\u00b7\ud801\udc78\u00b7\ud801\udc7e\u00b7\ud801\udc6c\u00b7\ud801\udc5e\u00b7\ud801\udc67\u00b7\ud801\udc51\u00b7\ud801\udc5d\u00b7\u2299\u00b7\ud801\udc56\u00b7\ud801\udc73\u00b7\ud801\udc6d\u27e9",
  "parameters": {
    "N_L": 20,
    "N_R": 20,
    "m_light": 0.3,
    "m_heavy": 5.0,
    "mass_ratio": 16.666666666666668,
    "k_stiff": 6.0,
    "k_soft": 0.3,
    "beta_nl": 3.0,
    "T_hot": 1.5,
    "T_cold": 0.05
  },
  "results": {
    "J_forward": 0.001695,
    "J_forward_std": 13.833419,
    "J_backward": 7e-06,
    "J_backward_std": 0.332286,
    "rectification_ratio": 253.51
  }
}